{"count":1,"self":112.816064,"total":390.8690486,"children":{"InitializeActuators":{"count":32,"self":0.0019998,"total":0.0019998,"children":null},"InitializeSensors":{"count":32,"self":0.0029988999999999997,"total":0.0029988999999999997,"children":null},"AgentSendState":{"count":20032,"self":0.4730004,"total":33.6882435,"children":{"CollectObservations":{"count":64163,"self":4.6661579999999994,"total":4.6661579999999994,"children":null},"WriteActionMask":{"count":64143,"self":0.0650325,"total":0.0650325,"children":null},"RequestDecision":{"count":64143,"self":0.31199109999999997,"total":28.4840526,"children":{"AgentInfo.ToProto":{"count":64143,"self":0.29299549999999996,"total":28.172061499999998,"children":{"GenerateSensorData":{"count":64143,"self":27.879065599999997,"total":27.879065999999998,"children":null}}}}}}},"DecideAction":{"count":20012,"self":240.09615359999998,"total":240.09614359999998,"children":null},"AgentAct":{"count":20012,"self":4.0436895999999996,"total":4.2615956,"children":{"AgentInfo.ToProto":{"count":345,"self":0.0040024,"total":0.217906,"children":{"GenerateSensorData":{"count":345,"self":0.2139036,"total":0.2139036,"children":null}}}}}},"gauges":{"Tank.CumulativeReward":{"count":345,"max":24.70742,"min":-23.1306629,"runningAverage":-0.789262652,"value":9.96,"weightedAverage":-0.208541512}},"metadata":{"timer_format_version":"0.1.0","start_time_seconds":"1648792691","unity_version":"2020.3.16f1","command_line_arguments":"C:\\Program Files\\Unity\\Editor\\Unity.exe -projectpath C:\\Users\\mrkin\\School\\cs-project\\csProject\\tankitrouble -useHub -hubIPC -cloudEnvironment production -licensingIpc LicenseClient-mrkin -hubSessionId 2c6f4a60-b16f-11ec-a69e-452426a12bb5 -accessToken WOgIyTSAU3P0Rej50XQ7GPxAhBVsFUVXQAbv50W9gBQ011f","communication_protocol_version":"1.5.0","com.unity.ml-agents_version":"2.0.1","scene_name":"SampleScene","end_time_seconds":"1648793082"}}