{
    "name": "root",
    "gauges": {
        "Tank.Policy.Entropy.mean": {
            "value": 4.43866491317749,
            "min": 4.418332099914551,
            "max": 4.43866491317749,
            "count": 7
        },
        "Tank.Policy.Entropy.sum": {
            "value": 3737.355712890625,
            "min": 2910.13037109375,
            "max": 3737.355712890625,
            "count": 7
        },
        "Tank.Environment.EpisodeLength.mean": {
            "value": 98.33333333333333,
            "min": 51.285714285714285,
            "max": 130.8,
            "count": 7
        },
        "Tank.Environment.EpisodeLength.sum": {
            "value": 590.0,
            "min": 505.0,
            "max": 909.0,
            "count": 7
        },
        "Tank.Step.mean": {
            "value": 546360.0,
            "min": 543998.0,
            "max": 546360.0,
            "count": 7
        },
        "Tank.Step.sum": {
            "value": 546360.0,
            "min": 543998.0,
            "max": 546360.0,
            "count": 7
        },
        "Tank.Policy.ExtrinsicValueEstimate.mean": {
            "value": -3.906036376953125,
            "min": -7.621144771575928,
            "max": -0.32122713327407837,
            "count": 7
        },
        "Tank.Policy.ExtrinsicValueEstimate.sum": {
            "value": -31.248291015625,
            "min": -60.96915817260742,
            "max": -2.569817066192627,
            "count": 7
        },
        "Tank.Policy.CuriosityValueEstimate.mean": {
            "value": 4.8449506759643555,
            "min": 4.473790168762207,
            "max": 6.5440778732299805,
            "count": 7
        },
        "Tank.Policy.CuriosityValueEstimate.sum": {
            "value": 38.759605407714844,
            "min": 25.00619888305664,
            "max": 47.83354949951172,
            "count": 7
        },
        "Tank.Losses.PolicyLoss.mean": {
            "value": 0.2521359011610476,
            "min": 0.24694689064314856,
            "max": 0.2812598054659449,
            "count": 7
        },
        "Tank.Losses.PolicyLoss.sum": {
            "value": 1.0085436046441905,
            "min": 0.5562380485770961,
            "max": 1.0085436046441905,
            "count": 7
        },
        "Tank.Losses.ValueLoss.mean": {
            "value": 29.632209021649047,
            "min": 1.0056013618609165,
            "max": 34.61128253860192,
            "count": 7
        },
        "Tank.Losses.ValueLoss.sum": {
            "value": 118.52883608659619,
            "min": 3.0168040855827494,
            "max": 118.52883608659619,
            "count": 7
        },
        "Tank.Policy.LearningRate.mean": {
            "value": 0.0008179395182060501,
            "min": 0.0008179395182060501,
            "max": 0.0008186900181310001,
            "count": 7
        },
        "Tank.Policy.LearningRate.sum": {
            "value": 0.0032717580728242003,
            "min": 0.0016366630363336995,
            "max": 0.0032717580728242003,
            "count": 7
        },
        "Tank.Policy.Epsilon.mean": {
            "value": 0.18179394999999998,
            "min": 0.18179394999999998,
            "max": 0.18186899999999998,
            "count": 7
        },
        "Tank.Policy.Epsilon.sum": {
            "value": 0.7271757999999999,
            "min": 0.3636663,
            "max": 0.7271757999999999,
            "count": 7
        },
        "Tank.Policy.Beta.mean": {
            "value": 0.0005,
            "min": 0.0005,
            "max": 0.0005,
            "count": 7
        },
        "Tank.Policy.Beta.sum": {
            "value": 0.002,
            "min": 0.001,
            "max": 0.002,
            "count": 7
        },
        "Tank.Losses.CuriosityForwardLoss.mean": {
            "value": 22.398056328194773,
            "min": 18.97010914314846,
            "max": 524.1994948550167,
            "count": 7
        },
        "Tank.Losses.CuriosityForwardLoss.sum": {
            "value": 89.59222531277909,
            "min": 49.24473359849718,
            "max": 1048.3989897100334,
            "count": 7
        },
        "Tank.Losses.CuriosityInverseLoss.mean": {
            "value": 3731.8872893048147,
            "min": 3223.2435076678244,
            "max": 4245.154528400744,
            "count": 7
        },
        "Tank.Losses.CuriosityInverseLoss.sum": {
            "value": 14927.549157219259,
            "min": 7078.838963435246,
            "max": 14927.549157219259,
            "count": 7
        },
        "Tank.Self-play.ELO.mean": {
            "value": 1015.8463825721323,
            "min": 1015.8463825721323,
            "max": 1015.8463825721323,
            "count": 7
        },
        "Tank.Self-play.ELO.sum": {
            "value": 2031.6927651442645,
            "min": 1015.8463825721323,
            "max": 3047.5391477163967,
            "count": 7
        },
        "Tank.Environment.CumulativeReward.mean": {
            "value": -20.758074283599854,
            "min": -27.80297686656316,
            "max": 0.21007031202316284,
            "count": 7
        },
        "Tank.Environment.CumulativeReward.sum": {
            "value": -41.51614856719971,
            "min": -83.40893059968948,
            "max": 0.4201406240463257,
            "count": 7
        },
        "Tank.Policy.ExtrinsicReward.mean": {
            "value": -20.758074283599854,
            "min": -27.80297686656316,
            "max": 0.21007031202316284,
            "count": 7
        },
        "Tank.Policy.ExtrinsicReward.sum": {
            "value": -41.51614856719971,
            "min": -83.40893059968948,
            "max": 0.4201406240463257,
            "count": 7
        },
        "Tank.Policy.CuriosityReward.mean": {
            "value": 106.58426082134247,
            "min": 72.0,
            "max": 159.13254070281982,
            "count": 7
        },
        "Tank.Policy.CuriosityReward.sum": {
            "value": 213.16852164268494,
            "min": 72.0,
            "max": 318.26508140563965,
            "count": 7
        },
        "Tank.IsTraining.mean": {
            "value": 1.0,
            "min": 1.0,
            "max": 1.0,
            "count": 7
        },
        "Tank.IsTraining.sum": {
            "value": 1.0,
            "min": 1.0,
            "max": 1.0,
            "count": 7
        }
    },
    "metadata": {
        "timer_format_version": "0.1.0",
        "start_time_seconds": "1648966533",
        "python_version": "3.8.8 (default, Apr 13 2021, 15:08:03) [MSC v.1916 64 bit (AMD64)]",
        "command_line_arguments": "C:\\Users\\Vernon Pui\\anaconda3\\Scripts\\mlagents-learn config/config.yaml --run-id=tank_final --resume --time-scale=1",
        "mlagents_version": "0.28.0",
        "mlagents_envs_version": "0.28.0",
        "communication_protocol_version": "1.5.0",
        "pytorch_version": "1.11.0+cpu",
        "numpy_version": "1.20.1",
        "end_time_seconds": "1648966725"
    },
    "total": 192.0813164,
    "count": 1,
    "self": 0.008547499999991715,
    "children": {
        "run_training.setup": {
            "total": 0.35248610000000014,
            "count": 1,
            "self": 0.35248610000000014
        },
        "TrainerController.start_learning": {
            "total": 191.7202828,
            "count": 1,
            "self": 0.0692751000003966,
            "children": {
                "TrainerController._reset_env": {
                    "total": 8.3781443,
                    "count": 2,
                    "self": 8.3781443
                },
                "TrainerController.advance": {
                    "total": 183.08188749999962,
                    "count": 2763,
                    "self": 0.055784199999465045,
                    "children": {
                        "env_step": {
                            "total": 172.99722840000018,
                            "count": 2763,