{
    "name": "root",
    "gauges": {
        "RedTank.Policy.Entropy.mean": {
            "value": 2.1663076877593994,
            "min": 1.5814123153686523,
            "max": 2.274254083633423,
            "count": 1499
        },
        "RedTank.Policy.Entropy.sum": {
            "value": 381.2701416015625,
            "min": 31.64138412475586,
            "max": 1207.773193359375,
            "count": 1499
        },
        "RedTank.Environment.EpisodeLength.mean": {
            "value": 21.0,
            "min": 0.0,
            "max": 1845.0,
            "count": 1311
        },
        "RedTank.Environment.EpisodeLength.sum": {
            "value": 21.0,
            "min": 0.0,
            "max": 3690.0,
            "count": 1311
        },
        "RedTank.Step.mean": {
            "value": 299984.0,
            "min": 192.0,
            "max": 299984.0,
            "count": 1500
        },
        "RedTank.Step.sum": {
            "value": 299984.0,
            "min": 192.0,
            "max": 299984.0,
            "count": 1500
        },
        "RedTank.Policy.ExtrinsicValueEstimate.mean": {
            "value": 1.181541085243225,
            "min": -33.875404357910156,
            "max": 2.2333524227142334,
            "count": 1500
        },
        "RedTank.Policy.ExtrinsicValueEstimate.sum": {
            "value": 3.544623374938965,
            "min": -677.5081176757812,
            "max": 16.75423812866211,
            "count": 1500
        },
        "RedTank.Policy.CuriosityValueEstimate.mean": {
            "value": 0.15289141237735748,
            "min": -0.33458760380744934,
            "max": 6.55264949798584,
            "count": 1500
        },
        "RedTank.Policy.CuriosityValueEstimate.sum": {
            "value": 0.45867422223091125,
            "min": -1.3383504152297974,
            "max": 204.68087768554688,
            "count": 1500
        },
        "RedTank.Environment.CumulativeReward.mean": {
            "value": 2.9700000286102295,
            "min": -4.5897054597735405,
            "max": 2.997499942779541,
            "count": 1320
        },
        "RedTank.Environment.CumulativeReward.sum": {
            "value": 2.9700000286102295,
            "min": -85.52615666389465,
            "max": 23.85649997368455,
            "count": 1320
        },
        "RedTank.Policy.ExtrinsicReward.mean": {
            "value": 2.9700000286102295,
            "min": -4.5897054597735405,
            "max": 2.997499942779541,
            "count": 1320
        },
        "RedTank.Policy.ExtrinsicReward.sum": {
            "value": 2.9700000286102295,
            "min": -85.52615666389465,
            "max": 23.85649997368455,
            "count": 1320
        },
        "RedTank.Policy.CuriosityReward.mean": {
            "value": 1.102174162864685,
            "min": 0.07575192302465439,
            "max": 57.05804219841957,
            "count": 1320
        },
        "RedTank.Policy.CuriosityReward.sum": {
            "value": 1.102174162864685,
            "min": 0.07575192302465439,
            "max": 258.8152174949646,
            "count": 1320
        },
        "RedTank.Losses.PolicyLoss.mean": {
            "value": 0.2591608409355912,
            "min": 0.16330027070620823,
            "max": 0.7115133014204207,
            "count": 1491
        },
        "RedTank.Losses.PolicyLoss.sum": {
            "value": 0.2591608409355912,
            "min": 0.16330027070620823,
            "max": 1.4230266028408414,
            "count": 1491
        },
        "RedTank.Losses.ValueLoss.mean": {
            "value": 0.3071394958015945,
            "min": 0.020315555195945006,
            "max": 389.24301935831704,
            "count": 1491
        },
        "RedTank.Losses.ValueLoss.sum": {
            "value": 0.3071394958015945,
            "min": 0.020315555195945006,
            "max": 389.24301935831704,
            "count": 1491
        },
        "RedTank.Policy.LearningRate.mean": {
            "value": 1.6009997333331574e-07,
            "min": 1.6009997333331574e-07,
            "max": 0.0005997880000353333,
            "count": 1491
        },
        "RedTank.Policy.LearningRate.sum": {
            "value": 1.6009997333331574e-07,
            "min": 1.6009997333331574e-07,
            "max": 0.0011988520001913333,
            "count": 1491
        },
        "RedTank.Policy.Epsilon.mean": {
            "value": 0.10002666666666665,
            "min": 0.10002666666666665,
            "max": 0.19996466666666662,
            "count": 1491
        },
        "RedTank.Policy.Epsilon.sum": {
            "value": 0.10002666666666665,
            "min": 0.10002666666666665,
            "max": 0.3998086666666667,
            "count": 1491
        },
        "RedTank.Policy.Beta.mean": {
            "value": 0.0005,
            "min": 0.0005,
            "max": 0.0005000000000000001,
            "count": 1491
        },
        "RedTank.Policy.Beta.sum": {
            "value": 0.0005,
            "min": 0.0005,
            "max": 0.0010000000000000002,
            "count": 1491
        },
        "RedTank.Losses.CuriosityForwardLoss.mean": {
            "value": 0.4978510621521208,
            "min": 0.2991471489270528,
            "max": 14690.389200846354,
            "count": 1491
        },
        "RedTank.Losses.CuriosityForwardLoss.sum": {
            "value": 0.4978510621521208,
            "min": 0.2991471489270528,
            "max": 14690.389200846354,
            "count": 1491
        },
        "RedTank.Losses.CuriosityInverseLoss.mean": {
            "value": 7.169348624017504,
            "min": 4.244016011555989,
            "max": 143.33759506619893,
            "count": 1491
        },
        "RedTank.Losses.CuriosityInverseLoss.sum": {
            "value": 7.169348624017504,
            "min": 4.244016011555989,
            "max": 286.67519013239786,
            "count": 1491
        },
        "RedTank.IsTraining.mean": {
            "value": 1.0,
            "min": 1.0,
            "max": 1.0,
            "count": 1500
        },
        "RedTank.IsTraining.sum": {
            "value": 1.0,
            "min": 1.0,
            "max": 1.0,
            "count": 1500
        }
    },
    "metadata": {
        "timer_format_version": "0.1.0",
        "start_time_seconds": "1648711629",
        "python_version": "3.9.1 (tags/v3.9.1:1e5d33e, Dec  7 2020, 17:08:21) [MSC v.1927 64 bit (AMD64)]",
        "command_line_arguments": "C:\\Users\\mrkin\\AppData\\Local\\Programs\\Python\\Python39\\Scripts\\mlagents-learn config/config.yaml --run-id=tank --force",
        "mlagents_version": "0.28.0",
        "mlagents_envs_version": "0.28.0",
        "communication_protocol_version": "1.5.0",
        "pytorch_version": "1.11.0+cpu",
        "numpy_version": "1.20.1",
        "end_time_seconds": "1648714117"
    },
    "total": 2487.9368046,
    "count": 1,
    "self": 0.028518899999653513,
    "children": {
        "run_training.setup": {
            "total": 0.2493331999999997,
            "count": 1,
            "self": 0.2493331999999997
        },
        "TrainerController.start_learning": {
            "total": 2487.6589525000004,
            "count": 1,
            "self": 1.0205092000032892,
            "children": {
                "TrainerController._reset_env": {
                    "total": 8.085701199999999,
                    "count": 1,
                    "self": 8.085701199999999
                },
                "TrainerController.advance": {
                    "total": 2478.183856299997,
                    "count": 22038,
                    "self": 0.8524331999728929,
                    "children": {
                        "env_step": {
                            "total": 469.73747450001747,
                            "count": 22038,
                            "self": 414.7298694000373,