{
    "name": "root",
    "gauges": {
        "Tank.Policy.Entropy.mean": {
            "value": 2.0613152980804443,
            "min": 2.0613152980804443,
            "max": 2.0613152980804443,
            "count": 1
        },
        "Tank.Policy.Entropy.sum": {
            "value": 531.8193359375,
            "min": 531.8193359375,
            "max": 531.8193359375,
            "count": 1
        },
        "Tank.Step.mean": {
            "value": 150372.0,
            "min": 150372.0,
            "max": 150372.0,
            "count": 1
        },
        "Tank.Step.sum": {
            "value": 150372.0,
            "min": 150372.0,
            "max": 150372.0,
            "count": 1
        },
        "Tank.Policy.ExtrinsicValueEstimate.mean": {
            "value": 189.3438720703125,
            "min": 189.3438720703125,
            "max": 189.3438720703125,
            "count": 1
        },
        "Tank.Policy.ExtrinsicValueEstimate.sum": {
            "value": 189.3438720703125,
            "min": 189.3438720703125,
            "max": 189.3438720703125,
            "count": 1
        },
        "Tank.Policy.CuriosityValueEstimate.mean": {
            "value": -237.427001953125,
            "min": -237.427001953125,
            "max": -237.427001953125,
            "count": 1
        },
        "Tank.Policy.CuriosityValueEstimate.sum": {
            "value": -237.427001953125,
            "min": -237.427001953125,
            "max": -237.427001953125,
            "count": 1
        },
        "Tank.IsTraining.mean": {
            "value": 1.0,
            "min": 1.0,
            "max": 1.0,
            "count": 1
        },
        "Tank.IsTraining.sum": {
            "value": 1.0,
            "min": 1.0,
            "max": 1.0,
            "count": 1
        }
    },
    "metadata": {
        "timer_format_version": "0.1.0",
        "start_time_seconds": "1648881551",
        "python_version": "3.8.8 (default, Apr 13 2021, 15:08:03) [MSC v.1916 64 bit (AMD64)]",
        "command_line_arguments": "C:\\Users\\Vernon Pui\\anaconda3\\Scripts\\mlagents-learn config/config.yaml --run-id=tank_full --resume --time-scale=1",
        "mlagents_version": "0.28.0",
        "mlagents_envs_version": "0.28.0",
        "communication_protocol_version": "1.5.0",
        "pytorch_version": "1.11.0+cpu",
        "numpy_version": "1.20.1",
        "end_time_seconds": "1648881567"
    },
    "total": 15.6294911,
    "count": 1,
    "self": 0.013409299999999291,
    "children": {
        "run_training.setup": {
            "total": 0.2504576999999999,
            "count": 1,
            "self": 0.2504576999999999
        },
        "TrainerController.start_learning": {
            "total": 15.3656241,
            "count": 1,
            "self": 0.003647699999998366,
            "children": {
                "TrainerController._reset_env": {
                    "total": 7.705564200000001,
                    "count": 2,
                    "self": 7.705564200000001
                },
                "TrainerController.advance": {
                    "total": 7.513924699999999,
                    "count": 129,
                    "self": 0.0029182000000034236,
                    "children": {
                        "env_step": {
                            "total": 7.113584799999991,
                            "count": 129,
                            "self": 6.758234999999974,
                            "children": {
                                "SubprocessEnvManager._take_step": {
                                    "total": 0.3532151999999993,
                                    "count": 129,
                                    "self": 0.021010600000025192,
                                    "children": {
                                        "TorchPolicy.evaluate": {
                                            "total": 0.3322045999999741,
                                            "count": 258,
                                            "self": 0.08756339999995966,
                                            "children": {
                                                "TorchPolicy.sample_actions": {
                                                    "total": 0.24464120000001444,
                                                    "count": 258,
                                                    "self": 0.24464120000001444
                                                }
                                            }
                                        }
                                    }
                                },
                                "workers": {
                                    "total": 0.002134600000017528,
                                    "count": 129,
                                    "self": 0.0,
                                    "children": {
                                        "worker_root": {
                                            "total": 7.193965899999999,
                                            "count": 129,
                                            "is_parallel": true,
                                            "self": 0.6353503000000025,
                                            "children": {
                                                "steps_from_proto": {
                                                    "total": 0.0010948000000015057,
                                                    "count": 4,
                                                    "is_parallel": true,
                                                    "self": 0.0006575999999993698,
                                                    "children": {
                                                        "_process_rank_one_or_two_observation": {
                                                            "total": 0.0004372000000021359,
                                                            "count": 8,
                                                            "is_parallel": true,
                                                            "self": 0.0004372000000021359
                                                        }
                                                    }
                                                },
                                                "UnityEnvironment.step": {
                                                    "total": 6.557520799999995,
                                                    "count": 129,
                                                    "is_parallel": true,
                                                    "self": 0.020281899999974762,
                                                    "children": {
                                                        "UnityEnvironment._generate_step_input": {
                                                            "total": 0.0180290999999988,
                                                            "count": 129,
                                                            "is_parallel": true,
                                                            "self": 0.0180290999999988
                                                        },
                                                        "communicator.exchange": {
                                                            "total": 6.447433200000015,
                                                            "count": 129,
                                                            "is_parallel": true,
                                                            "self": 6.447433200000015
                                                        },
                                                        "steps_from_proto": {
                                                            "total": 0.07177660000000685,
                                                            "count": 258,