{
    "name": "root",
    "gauges": {
        "Tank.Policy.Entropy.mean": {
            "value": 2.1046056747436523,
            "min": 2.087691068649292,
            "max": 2.271637201309204,
            "count": 55
        },
        "Tank.Policy.Entropy.sum": {
            "value": 606.12646484375,
            "min": 68.75236511230469,
            "max": 4631.51953125,
            "count": 55
        },
        "Tank.Environment.EpisodeLength.mean": {
            "value": 9.0,
            "min": 1.3333333333333333,
            "max": 721.0,
            "count": 41
        },
        "Tank.Environment.EpisodeLength.sum": {
            "value": 27.0,
            "min": 4.0,
            "max": 1783.0,
            "count": 41
        },
        "Tank.Self-play.ELO.mean": {
            "value": 1093.1562273775066,
            "min": 1093.1562273775066,
            "max": 1144.5697860959729,
            "count": 36
        },
        "Tank.Self-play.ELO.sum": {
            "value": 1093.1562273775066,
            "min": 1093.1562273775066,
            "max": 12403.578425862092,
            "count": 36
        },
        "Tank.Step.mean": {
            "value": 149988.0,
            "min": 118761.0,
            "max": 149988.0,
            "count": 79
        },
        "Tank.Step.sum": {
            "value": 149988.0,
            "min": 118761.0,
            "max": 149988.0,
            "count": 79
        },
        "Tank.Policy.ExtrinsicValueEstimate.mean": {
            "value": -2.8822824954986572,
            "min": -3.928272247314453,
            "max": -1.3337373733520508,
            "count": 79
        },
        "Tank.Policy.ExtrinsicValueEstimate.sum": {
            "value": -20.17597770690918,
            "min": -45.80952453613281,
            "max": -8.5890474319458,
            "count": 79
        },
        "Tank.Policy.CuriosityValueEstimate.mean": {
            "value": 2.00577712059021,
            "min": 0.30674076080322266,
            "max": 2.159552812576294,
            "count": 79
        },
        "Tank.Policy.CuriosityValueEstimate.sum": {
            "value": 14.04043960571289,
            "min": 1.8914570808410645,
            "max": 17.68105125427246,
            "count": 79
        },
        "Tank.Environment.CumulativeReward.mean": {
            "value": -5.548676490783691,
            "min": -10.69418153166771,
            "max": -5.30708634853363,
            "count": 35
        },
        "Tank.Environment.CumulativeReward.sum": {
            "value": -5.548676490783691,
            "min": -67.71099573373795,
            "max": -5.441363334655762,
            "count": 35
        },
        "Tank.Policy.ExtrinsicReward.mean": {
            "value": -5.548676490783691,
            "min": -10.69418153166771,
            "max": -5.30708634853363,
            "count": 35
        },
        "Tank.Policy.ExtrinsicReward.sum": {
            "value": -5.548676490783691,
            "min": -67.71099573373795,
            "max": -5.441363334655762,
            "count": 35
        },
        "Tank.Policy.CuriosityReward.mean": {
            "value": 6.308687686920166,
            "min": 0.0,
            "max": 78.80850267410278,
            "count": 35
        },
        "Tank.Policy.CuriosityReward.sum": {
            "value": 6.308687686920166,
            "min": 0.0,
            "max": 157.61700534820557,
            "count": 35
        },
        "Tank.IsTraining.mean": {
            "value": 1.0,
            "min": 1.0,
            "max": 1.0,
            "count": 79
        },
        "Tank.IsTraining.sum": {
            "value": 1.0,
            "min": 1.0,
            "max": 1.0,
            "count": 79
        },
        "Tank.Losses.PolicyLoss.mean": {
            "value": 0.3658267349559104,
            "min": 0.18431284152237432,
            "max": 0.3658267349559104,
            "count": 53
        },
        "Tank.Losses.PolicyLoss.sum": {
            "value": 0.3658267349559104,
            "min": 0.18431284152237432,
            "max": 1.0349444015864222,
            "count": 53
        },
        "Tank.Losses.ValueLoss.mean": {
            "value": 0.18267075029157456,
            "min": 0.05131378110596224,
            "max": 1.3133450994888942,
            "count": 53
        },
        "Tank.Losses.ValueLoss.sum": {
            "value": 0.18267075029157456,
            "min": 0.05131378110596224,
            "max": 2.1440164415947933,
            "count": 53
        },
        "Tank.Policy.LearningRate.mean": {
            "value": 0.000500040049996,
            "min": 0.000500040049996,
            "max": 0.0006019733731360001,
            "count": 53
        },
        "Tank.Policy.LearningRate.sum": {
            "value": 0.000500040049996,
            "min": 0.000500040049996,
            "max": 0.002024170197583,
            "count": 53
        },
        "Tank.Policy.Epsilon.mean": {
            "value": 0.15000400000000003,
            "min": 0.15000400000000003,
            "max": 0.16019733333333333,
            "count": 53
        },
        "Tank.Policy.Epsilon.sum": {
            "value": 0.15000400000000003,
            "min": 0.15000400000000003,
            "max": 0.602417,
            "count": 53
        },
        "Tank.Policy.Beta.mean": {
            "value": 0.0005000000000000002,
            "min": 0.0005,
            "max": 0.0005000000000000002,
            "count": 53
        },
        "Tank.Policy.Beta.sum": {
            "value": 0.0005000000000000002,
            "min": 0.0005,
            "max": 0.002,
            "count": 53
        },
        "Tank.Losses.CuriosityForwardLoss.mean": {
            "value": 6.046703619048709,
            "min": 0.8230260423862349,
            "max": 10.980880680538359,
            "count": 53
        },
        "Tank.Losses.CuriosityForwardLoss.sum": {
            "value": 6.046703619048709,
            "min": 1.1110758382761687,
            "max": 26.549088665524774,
            "count": 53
        },
        "Tank.Losses.CuriosityInverseLoss.mean": {
            "value": 14.292624419076102,
            "min": 5.007796009381612,
            "max": 69.96377321879069,
            "count": 53
        },
        "Tank.Losses.CuriosityInverseLoss.sum": {
            "value": 14.292624419076102,
            "min": 5.007796009381612,
            "max": 151.35040776265993,
            "count": 53
        }
    },
    "metadata": {
        "timer_format_version": "0.1.0",
        "start_time_seconds": "1648792681",
        "python_version": "3.9.1 (tags/v3.9.1:1e5d33e, Dec  7 2020, 17:08:21) [MSC v.1927 64 bit (AMD64)]",
        "command_line_arguments": "C:\\Users\\mrkin\\AppData\\Local\\Programs\\Python\\Python39\\Scripts\\mlagents-learn config/config.yaml --run-id=tank_full --resume --time-scale=1",
        "mlagents_version": "0.28.0",
        "mlagents_envs_version": "0.28.0",
        "communication_protocol_version": "1.5.0",
        "pytorch_version": "1.11.0+cpu",
        "numpy_version": "1.20.1",
        "end_time_seconds": "1648793082"
    },
    "total": 400.77649360000004,
    "count": 1,
    "self": 0.014727400000026591,
    "children": {
        "run_training.setup": {
            "total": 0.2183571999999998,
            "count": 1,
            "self": 0.2183571999999998
        },
        "TrainerController.start_learning": {
            "total": 400.543409,
            "count": 1,
            "self": 0.08099569999939149,
            "children": {
                "TrainerController._reset_env": {
                    "total": 10.4007562,
                    "count": 2,
                    "self": 10.4007562
                },
                "TrainerController.advance": {
                    "total": 389.8492821000006,
                    "count": 2221,
                    "self": 0.0707621000011045,
                    "children": {
                        "env_step": {
                            "total": 181.19090039999995,