{
    "name": "root",
    "gauges": {
        "RedTank.Policy.Entropy.mean": {
            "value": 1.9534776210784912,
            "min": 1.5737515687942505,
            "max": 2.1129279136657715,
            "count": 80
        },
        "RedTank.Policy.Entropy.sum": {
            "value": 390.6955261230469,
            "min": 314.75030517578125,
            "max": 459.71588134765625,
            "count": 80
        },
        "RedTank.Step.mean": {
            "value": 15980.0,
            "min": 165.0,
            "max": 15980.0,
            "count": 80
        },
        "RedTank.Step.sum": {
            "value": 15980.0,
            "min": 165.0,
            "max": 15980.0,
            "count": 80
        },
        "RedTank.Policy.ExtrinsicValueEstimate.mean": {
            "value": 46.38592529296875,
            "min": 0.5407751202583313,
            "max": 46.38592529296875,
            "count": 80
        },
        "RedTank.Policy.ExtrinsicValueEstimate.sum": {
            "value": 185.543701171875,
            "min": 1.6223254203796387,
            "max": 185.543701171875,
            "count": 80
        },
        "RedTank.Environment.EpisodeLength.mean": {
            "value": 199.0,
            "min": 99.0,
            "max": 200.0,
            "count": 80
        },
        "RedTank.Environment.EpisodeLength.sum": {
            "value": 199.0,
            "min": 100.0,
            "max": 200.0,
            "count": 80
        },
        "RedTank.Environment.CumulativeReward.mean": {
            "value": 109.26293611526489,
            "min": 40.4928822517395,
            "max": 136.63971996307373,
            "count": 80
        },
        "RedTank.Environment.CumulativeReward.sum": {
            "value": 109.26293611526489,
            "min": 49.799072265625,
            "max": 136.63971996307373,
            "count": 80
        },
        "RedTank.Policy.ExtrinsicReward.mean": {
            "value": 109.26293611526489,
            "min": 40.4928822517395,
            "max": 136.63971996307373,
            "count": 80
        },
        "RedTank.Policy.ExtrinsicReward.sum": {
            "value": 109.26293611526489,
            "min": 49.799072265625,
            "max": 136.63971996307373,
            "count": 80
        },
        "RedTank.Losses.PolicyLoss.mean": {
            "value": 0.23018295207293704,
            "min": 0.19850652540723482,
            "max": 0.30028962886232574,
            "count": 80
        },
        "RedTank.Losses.PolicyLoss.sum": {
            "value": 0.23018295207293704,
            "min": 0.19850652540723482,
            "max": 0.5875564784308573,
            "count": 80
        },
        "RedTank.Losses.ValueLoss.mean": {
            "value": 8.653777486748165,
            "min": 8.653777486748165,
            "max": 153.5354461669922,
            "count": 80
        },
        "RedTank.Losses.ValueLoss.sum": {
            "value": 8.653777486748165,
            "min": 8.653777486748165,
            "max": 272.3309755569849,
            "count": 80
        },
        "RedTank.Policy.LearningRate.mean": {
            "value": 0.00025227601590799997,
            "min": 0.00025227601590799997,
            "max": 0.000299697000101,
            "count": 80
        },
        "RedTank.Policy.LearningRate.sum": {
            "value": 0.00025227601590799997,
            "min": 0.00025227601590799997,
            "max": 0.000597102000966,
            "count": 80
        },
        "RedTank.Policy.Epsilon.mean": {
            "value": 0.18409199999999998,
            "min": 0.18409199999999998,
            "max": 0.19989900000000008,
            "count": 80
        },
        "RedTank.Policy.Epsilon.sum": {
            "value": 0.18409199999999998,
            "min": 0.18409199999999998,
            "max": 0.399034,
            "count": 80
        },
        "RedTank.Policy.Beta.mean": {
            "value": 0.0005,
            "min": 0.0005,
            "max": 0.0005000000000000001,
            "count": 80
        },
        "RedTank.Policy.Beta.sum": {
            "value": 0.0005,
            "min": 0.0005,
            "max": 0.0010000000000000002,
            "count": 80
        },
        "RedTank.IsTraining.mean": {
            "value": 1.0,
            "min": 1.0,
            "max": 1.0,
            "count": 80
        },
        "RedTank.IsTraining.sum": {
            "value": 1.0,
            "min": 1.0,
            "max": 1.0,
            "count": 80
        }
    },
    "metadata": {
        "timer_format_version": "0.1.0",
        "start_time_seconds": "1648541736",
        "python_version": "3.8.8 (default, Apr 13 2021, 15:08:03) [MSC v.1916 64 bit (AMD64)]",
        "command_line_arguments": "C:\\Users\\Vernon Pui\\anaconda3\\Scripts\\mlagents-learn config/config.yaml --run-id=tank --force",
        "mlagents_version": "0.28.0",
        "mlagents_envs_version": "0.28.0",
        "communication_protocol_version": "1.5.0",
        "pytorch_version": "1.11.0+cpu",
        "numpy_version": "1.20.1",
        "end_time_seconds": "1648541982"
    },
    "total": 245.79728649999998,
    "count": 1,
    "self": 10.01056749999998,
    "children": {
        "run_training.setup": {
            "total": 0.2950917000000002,
            "count": 1,
            "self": 0.2950917000000002
        },
        "TrainerController.start_learning": {
            "total": 235.4916273,
            "count": 1,
            "self": 0.31760810000116635,
            "children": {
                "TrainerController._reset_env": {
                    "total": 5.8108606,
                    "count": 1,
                    "self": 5.8108606
                },
                "TrainerController.advance": {
                    "total": 229.1953410999988,
                    "count": 16317,
                    "self": 0.27623389999820347,
                    "children": {
                        "env_step": {
                            "total": 207.88785110000092,
                            "count": 16317,
                            "self": 188.58527310000017,
                            "children": {
                                "SubprocessEnvManager._take_step": {
                                    "total": 19.07427090000074,
                                    "count": 16319,
                                    "self": 0.859983200001551,
                                    "children": {
                                        "TorchPolicy.evaluate": {
                                            "total": 18.21428769999919,
                                            "count": 16187,
                                            "self": 4.976510499999161,
                                            "children": {
                                                "TorchPolicy.sample_actions": {
                                                    "total": 13.237777200000028,
                                                    "count": 16187,
                                                    "self": 13.237777200000028
                                                }
                                            }
                                        }
                                    }
                                },
                                "workers": {
                                    "total": 0.22830710000001275,
                                    "count": 16316,
                                    "self": 0.0,
                                    "children": {
                                        "worker_root": {
                                            "total": 155.51792889999976,
                                            "count": 16316,
                                            "is_parallel": true,
                                            "self": 56.21636650000062,