{
    "name": "root",
    "gauges": {
        "GreenTank.Policy.Entropy.mean": {
            "value": 2.0500571727752686,
            "min": 2.0500571727752686,
            "max": 2.0500571727752686,
            "count": 1
        },
        "GreenTank.Policy.Entropy.sum": {
            "value": 10365.0888671875,
            "min": 10365.0888671875,
            "max": 10365.0888671875,
            "count": 1
        },
        "GreenTank.Step.mean": {
            "value": 4992.0,
            "min": 4992.0,
            "max": 4992.0,
            "count": 1
        },
        "GreenTank.Step.sum": {
            "value": 4992.0,
            "min": 4992.0,
            "max": 4992.0,
            "count": 1
        },
        "GreenTank.Policy.ExtrinsicValueEstimate.mean": {
            "value": 1160.23779296875,
            "min": 1160.23779296875,
            "max": 1160.23779296875,
            "count": 1
        },
        "GreenTank.Policy.ExtrinsicValueEstimate.sum": {
            "value": 90498.546875,
            "min": 90498.546875,
            "max": 90498.546875,
            "count": 1
        },
        "GreenTank.Losses.PolicyLoss.mean": {
            "value": 0.24762996712464783,
            "min": 0.24762996712464783,
            "max": 0.24762996712464783,
            "count": 1
        },
        "GreenTank.Losses.PolicyLoss.sum": {
            "value": 9.657568717861265,
            "min": 9.657568717861265,
            "max": 9.657568717861265,
            "count": 1
        },
        "GreenTank.Losses.ValueLoss.mean": {
            "value": 26969.483739434483,
            "min": 26969.483739434483,
            "max": 26969.483739434483,
            "count": 1
        },
        "GreenTank.Losses.ValueLoss.sum": {
            "value": 1051809.865837945,
            "min": 1051809.865837945,
            "max": 1051809.865837945,
            "count": 1
        },
        "GreenTank.Policy.LearningRate.mean": {
            "value": 0.0002616000128,
            "min": 0.0002616000128,
            "max": 0.0002616000128,
            "count": 1
        },
        "GreenTank.Policy.LearningRate.sum": {
            "value": 0.0102024004992,
            "min": 0.0102024004992,
            "max": 0.0102024004992,
            "count": 1
        },
        "GreenTank.Policy.Epsilon.mean": {
            "value": 0.1872,
            "min": 0.1872,
            "max": 0.1872,
            "count": 1
        },
        "GreenTank.Policy.Epsilon.sum": {
            "value": 7.3008,
            "min": 7.3008,
            "max": 7.3008,
            "count": 1
        },
        "GreenTank.Policy.Beta.mean": {
            "value": 0.0005000000000000001,
            "min": 0.0005000000000000001,
            "max": 0.0005000000000000001,
            "count": 1
        },
        "GreenTank.Policy.Beta.sum": {
            "value": 0.019500000000000003,
            "min": 0.019500000000000003,
            "max": 0.019500000000000003,
            "count": 1
        },
        "GreenTank.IsTraining.mean": {
            "value": 1.0,
            "min": 1.0,
            "max": 1.0,
            "count": 1
        },
        "GreenTank.IsTraining.sum": {
            "value": 1.0,
            "min": 1.0,
            "max": 1.0,
            "count": 1
        },
        "RedTank.Policy.Entropy.mean": {
            "value": 2.0421359539031982,
            "min": 2.0421359539031982,
            "max": 2.0421359539031982,
            "count": 1
        },
        "RedTank.Policy.Entropy.sum": {
            "value": 10325.0390625,
            "min": 10325.0390625,
            "max": 10325.0390625,
            "count": 1
        },
        "RedTank.Step.mean": {
            "value": 4992.0,
            "min": 4992.0,
            "max": 4992.0,
            "count": 1
        },
        "RedTank.Step.sum": {
            "value": 4992.0,
            "min": 4992.0,
            "max": 4992.0,
            "count": 1
        },
        "RedTank.Policy.ExtrinsicValueEstimate.mean": {
            "value": 921.7540893554688,
            "min": 921.7540893554688,
            "max": 921.7540893554688,
            "count": 1
        },
        "RedTank.Policy.ExtrinsicValueEstimate.sum": {
            "value": 71896.8203125,
            "min": 71896.8203125,
            "max": 71896.8203125,
            "count": 1
        },
        "RedTank.Losses.PolicyLoss.mean": {
            "value": 0.242655178462783,
            "min": 0.242655178462783,
            "max": 0.242655178462783,
            "count": 1
        },
        "RedTank.Losses.PolicyLoss.sum": {
            "value": 9.463551960048537,
            "min": 9.463551960048537,
            "max": 9.463551960048537,
            "count": 1
        },
        "RedTank.Losses.ValueLoss.mean": {
            "value": 17101.919105464578,
            "min": 17101.919105464578,
            "max": 17101.919105464578,
            "count": 1
        },
        "RedTank.Losses.ValueLoss.sum": {
            "value": 666974.8451131185,
            "min": 666974.8451131185,
            "max": 666974.8451131185,
            "count": 1
        },
        "RedTank.Policy.LearningRate.mean": {
            "value": 0.0002616000128,
            "min": 0.0002616000128,
            "max": 0.0002616000128,
            "count": 1
        },
        "RedTank.Policy.LearningRate.sum": {
            "value": 0.0102024004992,
            "min": 0.0102024004992,
            "max": 0.0102024004992,
            "count": 1
        },
        "RedTank.Policy.Epsilon.mean": {
            "value": 0.1872,
            "min": 0.1872,
            "max": 0.1872,
            "count": 1
        },
        "RedTank.Policy.Epsilon.sum": {
            "value": 7.3008,
            "min": 7.3008,
            "max": 7.3008,
            "count": 1
        },
        "RedTank.Policy.Beta.mean": {
            "value": 0.0005000000000000001,
            "min": 0.0005000000000000001,
            "max": 0.0005000000000000001,
            "count": 1
        },
        "RedTank.Policy.Beta.sum": {
            "value": 0.019500000000000003,
            "min": 0.019500000000000003,
            "max": 0.019500000000000003,
            "count": 1
        },
        "RedTank.IsTraining.mean": {
            "value": 1.0,
            "min": 1.0,
            "max": 1.0,
            "count": 1
        },
        "RedTank.IsTraining.sum": {
            "value": 1.0,
            "min": 1.0,
            "max": 1.0,
            "count": 1
        }
    },
    "metadata": {
        "timer_format_version": "0.1.0",
        "start_time_seconds": "1648450738",
        "python_version": "3.8.8 (default, Apr 13 2021, 15:08:03) [MSC v.1916 64 bit (AMD64)]",
        "command_line_arguments": "C:\\Users\\Vernon Pui\\anaconda3\\Scripts\\mlagents-learn config/config.yaml --run-id=tank --force",
        "mlagents_version": "0.28.0",
        "mlagents_envs_version": "0.28.0",
        "communication_protocol_version": "1.5.0",
        "pytorch_version": "1.11.0+cpu",
        "numpy_version": "1.20.1",
        "end_time_seconds": "1648451340"
    },
    "total": 602.7885572,
    "count": 1,
    "self": 0.02034060000005411,
    "children": {
        "run_training.setup": {
            "total": 0.42196690000000014,
            "count": 1,
            "self": 0.42196690000000014
        },
        "TrainerController.start_learning": {
            "total": 602.3462496999999,
            "count": 1,
            "self": 0.18710109999972246,
            "children": {
                "TrainerController._reset_env": {
                    "total": 8.0103583,
                    "count": 1,
                    "self": 8.0103583
                },
                "TrainerController.advance": {
                    "total": 592.8484886000001,
                    "count": 7636,
                    "self": 0.1828379000021414,